module	pass	fail	skip
@glimmer/compiler - compiling source to wire format	199	0	0
@glimmer/constants	1	0	0
@glimmer/reference	12	0	0
@glimmer/validator	150	0	0
Artifacts Test	1	0	0
Capabilities Bitmaps	2	0	0
Destroyables	24	0	0
Heap	2	0	0
Managers	1	0	0
Managers > Component	6	0	0
Managers > Helper	7	0	0
Managers > Modifier	6	0	0
Owner	2	0	0
References > compute ref	3	0	0
References > const ref	2	0	0
References > debugAliasRef	1	0	0
References > invokable ref	2	0	0
References > read only ref	2	0	0
References > unbound ref	2	0	0
[glimmer-syntax] (Legacy) Traversal - Walker	2	0	0
[glimmer-syntax] AST Builders	1	0	0
[glimmer-syntax] AST nodes legacy interop	2	0	0
[glimmer-syntax] Code generation	75	0	0
[glimmer-syntax] Code generation - override	3	0	0
[glimmer-syntax] Code generation - source -> source	81	0	0
[glimmer-syntax] Parser - AST	76	0	0
[glimmer-syntax] Parser - Location Info	30	0	0
[glimmer-syntax] Parser - backslash escape sequences	19	0	0
[glimmer-syntax] Parser - parse error regression fixtures	7	0	0
[glimmer-syntax] Parser - unsupported syntax is a syntax error, not a TypeError	5	0	0
[glimmer-syntax] Parser - whitespace control (tilde and standalone)	11	0	0
[glimmer-syntax] Plugins - AST Transforms	6	0	0
[glimmer-syntax] Public API is unchanged	1	0	0
[glimmer-syntax] Source - hbsPosFor / charPosFor boundaries	8	0	0
[glimmer-syntax] Traversal - manipulating	20	0	0
[glimmer-syntax] Traversal - manipulating (edge cases)	4	0	0
[glimmer-syntax] Traversal - visiting	6	0	0
[glimmer-syntax] Traversal - visiting - paths	3	0	0
[glimmer-syntax] Traversal - visiting keys	1	0	0
[glimmer-syntax] getTemplateLocals	6	0	0
[integration] env	2	0	0
[integration] jit :	1635	0	3
[integration] jit serialization :	6	0	0
[integration] node jit :	39	0	0
[integration] rehydration :	432	0	0
debug-to-string tests	16	0	0
immediate encoding tests	1	0	0
integration - Render Tests	30	0	0
integration - [glimmer-compiler] Compile options	1	0	0
integration - [glimmer-compiler] precompile	10	0	0
locations - location	22	0	0
locations - position	22	0	0
object-utils tests	1	0	0
templateFactory	6	0	0
